{"cameraMode":{"drawMode":0,"name":"Shaded","section":"Shading Mode"},"sceneLighting":false,"audioPlay":false,"sceneViewState":{"showFog":true,"showMaterialUpdate":false,"showSkybox":false,"showFlares":true,"showImageEffects":true,"showParticleSystems":true,"showVisualEffectGraphs":true,"m_FxEnabled":false},"in2DMode":false,"pivot":{"x":1.2443008422851563,"y":-1.0848824977874756,"z":21.841758728027345},"rotation":{"x":0.27461981773376467,"y":-0.22094716131687165,"z":0.06485853344202042,"w":0.9335759878158569},"size":4.545411109924316,"orthographic":false}