{"cameraMode":{"drawMode":0,"name":"Shaded","section":"Shading Mode"},"sceneLighting":true,"audioPlay":false,"sceneViewState":{"showFog":true,"showMaterialUpdate":false,"showSkybox":true,"showFlares":true,"showImageEffects":true,"showParticleSystems":true,"showVisualEffectGraphs":true,"m_FxEnabled":false},"in2DMode":false,"pivot":{"x":1.3902299404144288,"y":0.9857969284057617,"z":-0.18062812089920045},"rotation":{"x":-0.052773136645555499,"y":0.021565983071923257,"z":-0.0011386111145839096,"w":-0.998387336730957},"size":1.5834338665008546,"orthographic":false}