{"cameraMode":{"drawMode":0,"name":"Shaded","section":"Shading Mode"},"sceneLighting":true,"audioPlay":false,"sceneViewState":{"showFog":true,"showMaterialUpdate":false,"showSkybox":true,"showFlares":true,"showImageEffects":true,"showParticleSystems":true,"showVisualEffectGraphs":true,"m_FxEnabled":false},"in2DMode":false,"pivot":{"x":312.0423583984375,"y":98.08675384521485,"z":14.768905639648438},"rotation":{"x":-0.13340777158737184,"y":0.006538125686347485,"z":-0.0008800359792076051,"w":-0.991039514541626},"size":160.7891082763672,"orthographic":false}