{"cameraMode":{"drawMode":0,"name":"Shaded","section":"Shading Mode"},"sceneLighting":true,"audioPlay":false,"sceneViewState":{"showFog":true,"showMaterialUpdate":false,"showSkybox":true,"showFlares":true,"showImageEffects":true,"showParticleSystems":true,"showVisualEffectGraphs":true,"m_FxEnabled":false},"in2DMode":false,"pivot":{"x":0.04458671808242798,"y":1.0366628170013428,"z":0.0522892028093338},"rotation":{"x":-0.09164664149284363,"y":0.027478426694869996,"z":-0.0025272867642343046,"w":-0.9954213500022888},"size":4.298580646514893,"orthographic":false}